country,state,2010,2011,2012,2013,2014,2015,2016,2017,2018,2019,2020
afghanistan,Afghanistan,279.02,306.34,352.7,351.37,286.65,385.9,349.48,275.81,253.72,365.31,373.95
afghanistan,Badakhshan,542.16,500.19,549.54,560.03,450.82,635.88,601.4,502.5,407.01,557.38,575.66
afghanistan,Badghis,235.77,245.05,294.86,230.9,248.96,306.78,265.24,262.46,238.85,326.68,316.81
afghanistan,Baghlan,446.14,439.4,582.16,588.21,433.86,627.22,568.43,415,402.38,507.69,564.52
afghanistan,Balkh,232.5,226.18,370.8,287.54,326.88,342.22,317.57,217.26,218.69,345.82,329.05
afghanistan,Bamyan,393.37,393.78,576.5,538.71,425.17,538.72,543.76,381.91,390.99,452.26,501.99
afghanistan,Farah,113.43,134.63,170.75,171.85,166.68,196.98,184.09,176.74,164.45,198.05,195.73
afghanistan,Faryab,218.83,219.68,298.61,237.85,276.85,302.84,276.77,238.95,222.48,320.69,306.27
afghanistan,Ghazni,362.32,436.99,511.42,517.71,388.06,562.99,516.02,362.32,354.31,500.54,520.86
afghanistan,Ghor,306.83,305.38,347.7,327.39,329.49,341.09,367.14,308.33,311.71,336.26,346.64
afghanistan,Hilmand,82.98,162.13,123.84,151.89,103.95,129.83,127.81,106.18,92.64,190.49,170.41
afghanistan,Hirat,193.62,191.91,261.74,197,205.49,263.51,229.86,237.73,208.98,281.22,276.32
afghanistan,Jawzjan,175,166.64,274.77,212.37,252.62,270.01,244.39,192.54,170.46,290.31,263.26
afghanistan,Kabul,563.68,543.45,648.37,740.5,498.18,807.74,665.16,463.79,436.95,613.87,695.3
afghanistan,Kandahar,95.49,251.49,159.54,188.17,100.55,150.77,145.84,114.1,93.24,268.25,238.88
afghanistan,Kapisa,614.75,581.08,699.87,794.58,508.39,855.02,712.3,505.93,468.92,623.81,710.19
afghanistan,Khost,672.09,610.91,673.17,760.08,622.64,924.32,724.48,509.54,469.45,745.97,790.42
afghanistan,Kunar,914.59,769.54,821.23,974.34,645.72,1156.52,854.59,661.91,569.89,768.26,839.02
afghanistan,Kunduz,322.13,305.75,419.16,384.65,339.52,421.07,391.21,291.9,277.99,402.49,426.54
afghanistan,Laghman,716.62,641.94,726.58,851.46,550.43,941.08,740.86,535.32,487.32,658.17,756.84
afghanistan,Logar,543.58,545.54,633.03,731.24,528.28,810.09,662.89,464.7,437.88,659.26,730.92
afghanistan,Nangarhar,804.56,692.48,754.64,887.86,631.82,1021.41,761.88,562.72,509.61,735.53,826.91
afghanistan,Nimroz,31.63,99.95,77.72,116.05,77.26,106.97,72.31,70.64,49.86,129.79,139.49
afghanistan,Nuristan,756.11,688.48,763.5,879.2,540.51,997.01,803.46,604.38,518.44,691.71,760.95
afghanistan,Paktika,415.86,461.93,503.59,515.05,413.32,614.74,506.89,348.31,318.64,549.86,566.8
afghanistan,Paktya,591.83,582.58,656.23,756.35,586.05,867.49,699.85,495.44,460.82,724.61,779.18
afghanistan,Samangan,329.84,338.64,539.91,474.17,413.81,511.01,485.53,322.66,334.39,447.12,481.02
afghanistan,Sar-e-Pul,285.06,273.77,460.39,360.51,414.71,423.4,411.27,284.33,293.04,409.55,424.78
afghanistan,Takhar,473.85,460.07,563.3,571.45,453.83,617.31,557.71,434.41,402.82,546.98,587.79
afghanistan,Wardak,441.25,464.28,607.16,630.64,454.79,683.86,621.69,421.71,416.89,547.5,606.31
afghanistan,Zabul,222.11,355.49,328.78,325.23,236.49,340.15,308.82,227.95,216.88,373.81,355.88
afghanistan,Daykundi,314.21,341.49,375.96,363.76,315.92,369.93,392.08,317.86,316.95,353.31,356
afghanistan,Panjsher,615.26,595.27,732.12,806.14,515.53,863.83,739.62,537.37,493.93,644.33,719.95
afghanistan,Parwan,506.07,496.69,645.42,688.57,467.32,741.28,651.82,447.86,436.31,558.54,626.69
afghanistan,Uruzgan,228.25,305.66,301.43,294.49,229.48,295.36,302.27,241.54,237.49,315.54,292.62
Bangladesh,Bangladesh,2245.35,1971.04,1992.35,2023.31,1801.96,2543.25,2119.78,2743.86,1823.15,2029.11,2476.53
Bangladesh,Barisal,2091.96,2146.29,2006.21,2164.51,1834.24,2717.47,2196.27,2926.49,1919.6,2095.08,2515.5
Bangladesh,Chittagong,2404.5,2455.71,2444.76,2283.96,1959.34,3038.56,2396.23,3229.43,2148.05,2315.67,2713.87
Bangladesh,Dhaka,2276.58,1812.23,1906.44,2001.9,1809.25,2490.52,2117.07,2745.9,1816.1,2004.63,2509.19
Bangladesh,Khulna,1604.46,1583.44,1443.75,1678.69,1410.76,2012.55,1696.35,2163.85,1416.73,1600.95,1944.68
Bangladesh,Sylhet,3495.93,2277.63,2935.57,2757.19,2602.2,3531.27,2949.52,3969.7,2602.11,2845.07,3499.84
Bangladesh,Rajshahi,1713.87,1525.36,1422.17,1569.77,1404.53,1896.98,1643.61,2001.62,1330.61,1545.49,1940.64
Bangladesh,Rangpur,2406.01,2114.44,1940.59,1942.69,1814.8,2318.1,2039.79,2391.58,1667.66,1993.35,2458.89
Brazil,Brazil,1759.98,1836.31,1675.27,1797.92,1745.69,1621.71,1610.9,1629.66,1764.38,1662.23,1679.26
Brazil,Acre,2324.18,2103.7,1915.93,1963.85,2288.65,1948.52,1924,2063.98,2100.13,2151.06,1886.46
Brazil,Alagoas,979.53,1256.93,616.82,952.23,1070.77,849.25,711,1015.3,775.88,1064.39,965.7
Brazil,Amapa,2715.06,2667.94,2427.1,2841.34,2447.62,2703.05,2540.29,2492.49,2890.48,2554.24,2331.33
Brazil,Amazonas,2351.52,2381.05,2383.56,2523.45,2413.32,2065.55,2037.44,2188.79,2406.2,2455.58,2351.66
Brazil,Bahia,774.45,867.36,560.25,836.87,753.5,588.89,692.81,628.08,780.01,675.7,1024.73
Brazil,Ceara,706.38,1002.59,471.81,608.49,766.81,645.05,569.04,686.72,680.42,750.27,874.43
Brazil,Distrito Federal,1453.18,1687.51,1609.41,1761.17,1637.12,1309.41,1250.73,1320.23,1625.94,1273.55,1442.21
Brazil,Espirito Santo,1109.21,1247.17,1185.11,1452.06,926.81,645.64,910.2,1116.81,1348.45,1311.43,1389.45
Brazil,Goias,1532.73,1753.8,1685.63,1796.77,1674.33,1448.34,1423,1434.02,1648.71,1391.07,1560.66
Brazil,Maranhao,1394.55,1837.76,1327.35,1574.39,1560.69,1203.31,1297.95,1465.05,1513.81,1360.44,1692.67
Brazil,Mato Grosso,1848.57,1905.19,1785.37,1736.04,1822.66,1773.89,1873.04,1872.28,1896.19,1682.17,1638.99
Brazil,Mato Grosso Do Sul,1423.89,1451.02,1382.63,1410.45,1494.34,1630.17,1558.49,1472.84,1452.8,1265.43,1275.19
Brazil,Minas Gerais,1324.07,1427.6,1155.71,1385.98,991.19,992.02,1102.05,1074.77,1245.45,1053.96,1451.27
Brazil,Para,2139.91,2221.03,2150.25,2241.8,2189.36,2120.64,2110.28,1974.37,2218.97,2064.82,1958.69
Brazil,Paraiba,705.57,1104.38,400.77,674.68,989.81,647.3,552.3,616.74,615.9,650.93,771.83
Brazil,Parana,1831.6,1635.16,1538.17,1641.37,1723.58,2129.41,1783.08,1714.57,1494.59,1400.83,1191.95
Brazil,Pernambuco,682.27,905.58,373.76,649.78,865.85,559.3,508.26,578.93,568.9,623.49,744.72
Brazil,Piaui,907.64,1082.97,787.91,988.19,990.48,764.87,815.24,891.68,977.86,865.91,1086.77
Brazil,Rio De Janeiro,1262.47,1345.35,1273.51,1334.57,1058.1,1087.03,1088.5,1105.24,1271.01,1231.37,1344.49
Brazil,Rio Grande Do Norte,631.69,955.9,411.15,574.28,839.89,605.19,513.26,544.25,550.96,566.09,667.95
Brazil,Rio Grande Do Sul,1644.44,1521.74,1562.78,1544.14,1999.65,1948.12,1673.81,1891.58,1642.44,1715.29,1356.46
Brazil,Rondonia,1822.04,1796.46,1687.71,1680.85,1762.7,1555.09,1360.45,1505.03,1689.51,1507.72,1334.02
Brazil,Roraima,2540.33,2413.62,2117.96,2291.07,1676.47,1703.59,1949.03,1871.97,2280.19,2453.43,2221.57
Brazil,Santa Catarina,1918.37,2029.96,1679.32,1703.42,1894.86,2202.19,1897.14,1729.3,1683.69,1502.08,1381.19
Brazil,Sao Paulo,1758.23,1565.08,1589.21,1444.63,1412.31,1789.01,1419.64,1455.08,1297.02,1342.89,1059.38
Brazil,Sergipe,873.57,946.23,528.86,832.74,796.57,736.57,545.07,826.35,656.15,944.47,951.73
Brazil,Tocantins,1526.52,1959.14,1492.33,1828.61,1624.42,1242.27,1398.45,1290.55,1781.82,1300.12,1860.03
Brazil,Name Unknown,1526.52,1959.14,1492.33,1828.61,1624.42,1242.27,1398.45,1290.55,1781.82,1300.12,1860.03
Brazil,Name Unknown.1,883.89,883.89,883.89,883.89,883.89,883.89,883.89,883.89,883.89,883.89,883.89
Brazil,Name Unknown.2,883.89,883.89,883.89,883.89,883.89,883.89,883.89,883.89,883.89,883.89,883.89
Brazil,Name Unknown.3,883.89,883.89,883.89,883.89,883.89,883.89,883.89,883.89,883.89,883.89,883.89
China,China,639.78,540.06,640.01,615.57,612.21,632.39,674.29,634.22,641.09,614.16,643.78
China,Anhui Sheng,1274.06,974.4,1110.1,1000.11,1187.76,1439.47,1396.65,1169.47,1188.52,1034.03,1438.4
China,Beijing Shi,470.25,458.13,502.73,496.24,420.11,429.93,658.73,452.23,486.65,413.52,489.79
China,Chongqing Shi,1121.66,1018.93,1103.69,1074.88,1305.63,1353.95,1203.16,1239.85,1149.78,1163.03,1280.56
China,Fujian Sheng,1986.75,1207.45,1979.71,1510.8,1714.79,1845.82,2000.75,1581.57,1599.2,1675.88,1509.1
China,Gansu Sheng,280.28,293.89,296.47,295.55,298.13,252.75,266.42,307.11,318.8,334.72,276.66
China,Guangdong Sheng,1895.76,1439.34,1858.58,2087.48,1846.15,1809.45,2297.77,1869.48,1894.55,2030.96,1698.43
China,Guangxi Zhuangzu Zizhiqu,1370.94,1152.55,1500.88,1527.03,1512.09,1564.93,1572.46,1605.72,1498.46,1454.44,1352.97
China,Guizhou Sheng,1125.37,832.34,1103.37,1006.09,1449.35,1428.09,1177.61,1258.91,1227.73,1170.92,1305.49
China,Hainan Sheng,1884.58,2436.87,2531.88,2446.72,2098.2,2098.57,2185.97,2675.6,1740.96,2019.94,1969.7
China,Hebei Sheng,500.71,479.62,539.14,510.07,436.42,468.95,644.01,457.89,504,455.12,532.15
China,Heilongjiang Sheng,546.52,462.18,636.15,681.93,500.81,530.5,594.7,522.48,627.76,687.74,644.8
China,Henan Sheng,774.89,693.62,609.06,652.1,717.01,839.92,904.88,733.23,764.99,693.23,928.39
China,Hubei Sheng,1201.73,904.23,1044.68,1034.05,1114.52,1250.11,1261.27,1143.95,1050.88,918.25,1421.36
China,Hunan Sheng,1547.16,997.52,1575.66,1264.38,1463.06,1525.72,1618.94,1491.33,1387.47,1283.83,1586.5
China,Jiangsu Sheng,1013.21,975.57,939.4,864.33,1052.11,1143.96,1166.69,1085.8,1106.72,919.11,1307.04
China,Jiangxi Sheng,2017.46,1168.29,2051.57,1380.59,1625.54,1853.87,1970.45,1592.85,1585.29,1623.75,1662.69
China,Jilin Sheng,755.63,488.36,775.91,772.21,510.23,601.68,694.91,564.67,707.93,687.33,656.02
China,Liaoning Sheng,897.77,587.31,844.81,751.51,448.42,594.3,710.97,555.86,592.62,626.22,757.17
China,Nei Mongol Zizhiqu,278.15,257.38,358.69,340.36,286.56,281.25,327.36,241.22,350.14,309.71,335.09
China,Ningxia Huizu Zizhiqu,306.35,320.5,351.79,317.11,330.81,285.51,332.6,357.34,385.39,289.94,319.16
China,Qinghai Sheng,262.39,243.78,276.47,209.52,267.75,211.19,217.31,266.76,276.57,269.32,229.93
China,Shaanxi Sheng,637.19,726.55,571.58,640.12,636.06,572.97,550.11,691.23,576.93,668.79,652.13
China,Shandong Sheng,684.64,721,654.97,643.2,602.43,642.86,727.8,653.87,774.15,612.36,834.07
China,Shanghai Shi,1285.32,1103.31,1373.45,1087.23,1349.36,1409.9,1347.67,1337.67,1279.74,1384.55,1455.5
China,Shanxi Sheng,475.12,530.42,502.4,539.15,502.07,457.03,600.58,516.11,459.16,497.52,574.19
China,Sichuan Sheng,822.62,723.18,831.47,823.95,881.18,840.47,816.63,878.75,863.93,840.74,879.86
China,Tianjin Shi,499.97,516.8,659.75,528.63,453.1,491.79,723.7,502.7,582.68,482.81,530.52
China,Xinjiang Uygur Zizhiqu,150.67,123.55,130.48,131.63,109.24,135.34,151.16,149.95,135.25,123.66,107.77
China,Xizang Zizhiqu,526.17,588.04,488.04,557.7,508.44,487.93,553.82,592.65,565.55,559.12,532.58
China,Yunnan Sheng,1073.29,913.51,984.4,1065.29,1098.24,1171.86,1221.25,1225.19,1247.91,889.42,1056.71
China,Zhejiang Sheng,1929.51,1256.54,1921.03,1398.19,1646.54,1831.65,1658.58,1471.92,1430.74,1680.51,1581.77
Colombia,Colombia,3026.06,3160.38,2422.87,2457.9,2399.83,2180.39,2469.63,2731.28,2593.66,2532.39,2544.11
Colombia,Amazonas,2701.6,2723.79,2734.36,2895.94,3009.42,2906.57,2830.53,2960.62,3034.91,3104.51,3041.2
Colombia,Antioquia,3315.01,3727.16,2588.88,2613.97,2404.78,1970.15,2421.3,2966.62,2767,2587.05,2649.55
Colombia,Arauca,2544.13,2419.84,1873.44,1722.75,1475.8,1571.27,1583.83,1814.9,1829.8,1797.96,1576.62
Colombia,Atlantico,1811,2034.22,1076.81,990.1,757.25,521.66,1136.88,1288.84,1010.97,753.86,831.58
Colombia,Bolivar,3097.62,3158.78,2106.08,1858.08,1533.56,1297.3,1859.43,2174.14,1990.34,1662.29,1704.4
Colombia,Boyaca,2053.44,2245.48,1454.12,1406.32,1256.52,1160.11,1369.7,1556.14,1554.54,1520.97,1468.54
Colombia,Buenaventura,2810.35,3196.28,2208.04,2293.78,2385.58,1556.83,2255.71,2908.42,2226.35,2211.09,2299.3
Colombia,Caldas,2881.21,3196.26,2131.45,2277.71,2202.99,1709.21,2138.36,2591.76,2376.42,2345.19,2278.11
Colombia,Caqueta,3079.51,3181.57,2512.99,2580.86,2618.44,2268.67,2646.85,3042.49,2632.2,2631.62,2822.72
Colombia,Casanare,3237.73,3356.67,2358.25,2300.53,2121.26,2113.59,2314.61,2476.08,2588.6,2538.04,2478.84
Colombia,Cauca,2810.35,3196.28,2208.04,2293.78,2385.58,1556.83,2255.71,2908.42,2226.35,2211.09,2299.3
Colombia,Cesar,2784.8,2867.54,1895.59,1552.28,1296.12,1089.19,1664.58,1939.37,1724.3,1336.93,1309.5
Colombia,Choco,7797.74,8473.65,5979.09,6327.66,6250.05,4505.75,6057.31,7572.99,6592.07,6148.48,6809.9
Colombia,Cordoba,2516.67,2796.44,1814.58,1736.55,1495.7,1266.61,1736.22,2091.5,1908.87,1583.9,1699.69
Colombia,Cundinamarca,2299.1,2547.54,1561.73,1657.5,1580.7,1302.17,1647.47,1939.52,1811.59,1806.23,1797.96
Colombia,Guainia,3164.08,3145.5,2951.55,3212.08,3094.91,3172.6,3185.97,3063.16,3209.69,3188.16,3049.74
Colombia,Guajira,1696.35,1820.68,1080.21,910.42,841.14,726.09,1177.71,1181.65,1107.77,786.74,842.77
Colombia,Guaviare,3155.2,3180.98,2545.59,2533.82,2592.62,2556.66,2812.98,2858.09,2772.92,2805.58,2886.57
Colombia,Huila,2013.39,2277.84,1475.14,1499.43,1564.33,1080.06,1524.46,1886.02,1487.03,1524.72,1535.52
Colombia,Magdalena,2265.15,2436.39,1479.62,1216.88,981.79,769.41,1389.14,1627.92,1369.71,989.39,1020.74
Colombia,Meta,3478.23,3717.52,2245.97,2345,2308.99,1993.45,2545.62,2798.28,2673.6,2685.38,2830.3
Colombia,Narino,3111.76,2945.54,2616.53,2486.9,2710.9,2706.26,2564.78,3141.89,2484.57,2759.58,2664.53
Colombia,Norte De Santander,2503.36,2588.49,1753.85,1437.74,1154.87,1068.19,1355.33,1673.27,1506.97,1304.17,1140.55
Colombia,Putumayo,3396.1,3429.44,2801.68,2810.81,2929.39,2612.34,2844.39,3438.25,2805.12,2884.25,3097.18
Colombia,Quindio,2343.17,2644.31,1793.2,1903.19,1830.82,1359.49,1763.47,2212.23,1909.52,1912.78,1824.83
Colombia,Risaralda,3039.93,3382.89,2346.31,2477.02,2395.58,1799.1,2283.2,2847.15,2537.1,2471.17,2465.26
Colombia,San Andres Y Providencia,2404.76,1956.45,1939.76,1525.61,1815.51,1062.19,1382.05,2059.69,1580.61,1223.09,2204.74
Colombia,Santander,2919.34,3249.46,2216.28,2066.39,1805.56,1623.14,1896.28,2200.55,2180.84,2111.29,1949.76
Colombia,Sucre,2512.07,2623.5,1647.95,1497.12,1187.29,981.5,1537.28,1832.72,1606.72,1259.13,1329.3
Colombia,Tolima,2294.39,2602.75,1710.25,1764.13,1782.69,1319.9,1717.33,2113.14,1777.57,1840.63,1720.53
Colombia,Valle Del Cauca,2940.74,3260.29,2250.59,2387.19,2376.67,1649.17,2260.23,2897.88,2410.4,2350.96,2423.01
Colombia,Vaupes,3205.07,3201.24,3226.71,3273.59,3211.87,3234.83,3259.17,3214.42,3248.67,3225.61,3162.48
Colombia,Vichada,2935.6,2816.28,2323.84,2456.4,2492.37,2594.93,2591.2,2427.61,2736.52,2699.21,2547.26
France,France,834.76,721.45,863.73,942.61,926.27,707.09,817.37,728.2,878.16,833.1,808.17
France,Alsace,876.11,703.52,938.63,949.4,813.76,672.04,925.96,828.26,716.22,811.33,704.35
France,Aquitaine,847.11,695.63,833.27,1103.82,984.17,789.17,884.1,826.27,1003.32,983.68,977.17
France,Auvergne,912.03,780.96,880.75,1002.2,1022.57,741.77,867.45,755.35,927.57,839.7,814.15
France,Basse-Normandie,760.21,682.33,938.23,843.38,882.65,721.6,760.17,715.45,806.67,825.92,827.05
France,Bourgogne,781.37,659.68,821.51,903.23,822.71,610.1,806.99,687.73,752.35,691.74,678.63
France,Bretagne,929.68,798.59,1123.33,1039.99,1092.99,906.38,900.65,817.5,980.47,1038.17,1055.4
France,Centre,653.52,575.84,742.79,757.12,753.63,565.63,674.89,615.02,692.86,650.43,638.34
France,Champagne-Ardenne,833.53,711.09,890.94,908.21,808.12,676.88,865.28,754.08,779.45,757.64,736.73
France,Corse,890.52,662.24,682.08,807.63,817.21,544.43,615.13,485.06,830.6,766.52,661.08
France,Franche-Comte,1028.23,885.04,1181.74,1250.32,1062.44,832.58,1150.7,972.78,965.06,976.31,889.12
France,Haute-Normandie,732.9,654.87,850.47,765.81,801.61,686.04,743.3,698.12,747.91,746.91,741.17
France,Ile-de-France,636.56,576.4,724.13,691.51,708.26,563.96,671.06,597.07,641.27,608.18,600.56
France,Languedoc-Rousillon,854.79,760.82,661.56,867.3,948.47,651.41,696.85,631.94,1005.53,813.19,761.95
France,Limousin,838.28,714.03,865.42,976.81,968.39,704.53,848.22,760.92,874.35,842.85,834.3
France,Lorraine,903.14,733.76,942.76,980.11,832.75,691.2,921.76,803.69,788.19,806.52,743.42
France,Midi-Pyrenees,788.7,687.31,657.95,902.08,905.12,658.12,738.07,696.99,957.42,823.73,824.49
France,Nord-Pas-de-Calais,784.21,692.92,911.31,770.93,807.26,737.65,816.21,749.18,733.68,768.3,761.72
France,Pays-de-la-Loire,691.87,611.27,836.77,817.49,818.92,641.96,696.35,638.08,758.37,762.69,758.53
France,Picardie,738.14,653.33,833.53,741.52,761.49,661.54,763.69,695.25,696.85,705.11,698.06
France,Poitou-Charentes,719.79,624.66,833.35,882.37,864.36,634.01,748.11,670.61,786.9,793.28,796.21
France,Provence-Alpes-Cote-d'Azur,1012.16,892.6,880.9,1053.87,1141.57,794.14,796.21,674.89,1109.62,968.42,880.88
France,Rhone-Alpes,1029.84,920.29,1061.21,1197.02,1203.99,853.44,999.53,838.61,1092.02,991.47,942.23
France,Cayenne,3072.19,2949.69,2843.64,3256.85,2476.74,3114.88,2690.02,3139.99,3242.84,2267.03,2429.48
France,Saint-laurent-du-maroni,2584.96,2544.69,2437.52,2887.99,2158.77,2649.99,2299.57,2598.71,2695.48,1941.4,2054.71
France,Administrative unit not available,3779.22,3800.08,3374.4,2980.33,3013.94,2301.39,3526.92,3473.49,3113.02,2868.79,3027.14
France,Administrative unit not available.1,1524.4,1609.6,1599.4,1054.4,1640.6,1643.1,1675.5,1498.5,1612.8,1274.9,1176
France,Arrondissement_du_vent,2099.17,2011.35,1592.74,1828.83,1543.72,2268.47,1486.8,1718.72,2585.34,1748.32,1290.47
France,Arrondissement_souse_le_vent,2153.17,2065.61,1641.84,1866.25,1563.15,2328.71,1512.76,1747.01,2643.15,1753.37,1296.73
France,Fort-de-France,3985.71,4190.65,3474.07,2928.3,2876.07,2347.3,3560.08,3457.94,3088.14,2377.93,2910.53
France,La Trinite,3902.42,4093.44,3393.07,2857.23,2802.1,2283.89,3470.84,3374.11,3010.07,2313.05,2840.16
France,Le Marin,3433.28,3556.03,2942.52,2473.81,2410.96,1942.54,2979.11,2921.8,2588.52,1970.03,2464.31
France,Saint-Pierre,4121.9,4349.6,3606.5,3044.5,2997,2451,3706,3595,3215.8,2484,3025.6
Germany,Germany,768.17,656.39,708.65,727.05,692.05,640.68,697.63,794.34,561.71,666.07,643.53
Germany,Baden-Wuerttemberg,877.81,733.27,874.25,885.3,803.59,668.31,889.24,859.68,676.46,815.77,714.96
Germany,Bayern,843.63,730.64,796.18,826.17,768.32,677.4,839.59,851.64,702.95,760.16,788.7
Germany,Berlin,690.84,544.86,565.76,623.29,546.49,520.46,496.97,703.02,391.5,499.58,493.04
Germany,Brandenburg,679.5,543.03,566.42,611.65,540.29,513.12,500.22,697.99,389.97,491.92,493.61
Germany,Bremen,769.18,759.62,724.82,702.04,717.31,816.09,691.78,931.52,570.62,765.82,713.67
Germany,Hamburg,780.19,755.99,712.95,719.3,723.35,790.48,668.53,961.75,548.09,728.76,679.68
Germany,Hessen,761.25,618.07,695.89,722.36,725.45,600.66,701.92,728.66,569.63,638.63,599.4
Germany,Mecklenburg-Vorpommern,680.12,609.6,571.76,610.3,596.49,590.58,520.72,779.99,428.25,565.07,540.83
Germany,Niedersachsen,730.64,681.94,686.62,679.26,679.55,724.18,656.93,860.98,524.01,684.99,641.67
Germany,Nordrhein-Westfalen,797.52,708.85,796.31,746.29,777.97,739.01,785.19,833.77,638.05,753.77,703.08
Germany,Rheinland-Pfalz,799.23,641.14,770.32,780.35,757.03,623.32,778.81,732.47,636.77,713.47,643.12
Germany,Saarland,780.63,618.75,764.43,810.29,733.25,579.48,760.21,699.2,627.47,691.94,620.84
Germany,Sachsen,751.46,554.38,612.58,661.21,565.31,510.76,551.42,663.32,422.23,482.11,531.15
Germany,Sachsen-Anhalt,616.54,494.85,525.98,576.18,499.82,494.24,486.05,653.04,370.28,461.93,461.08
Germany,Schleswig-Holstein,810.46,790.35,733.54,727.73,774.1,841.77,694.09,994.74,582.12,789.81,727.47
Germany,Thueringen,687.84,526.97,575.35,632.77,584.58,504.84,558.59,637.26,437.66,492.77,512.82
India,India,1187.09,1089.24,1018.89,1196.86,999.89,1085.1,1065.11,1108.3,974.76,1244.56,1168.82
India,Andaman and Nicobar,3228.68,3492.29,3477.63,3383.51,3044.67,2988.46,3637.2,3320.99,3506.83,2905.48,3142.94
India,Andhra Pradesh,1323.67,790.16,933.93,1066.01,843.08,890.02,929.87,963.55,797.03,1014.85,1102.54
India,Assam,2578.79,1804.17,2190.88,2198.26,1849.63,2293.47,2030.19,2481.77,1781.36,2009.36,2437.59
India,Delhi,783.91,806.08,815.62,822.01,529.65,641.47,652.88,766.8,775.71,655.05,650.47
India,Goa,2980.03,2454.86,1644.98,2295.87,2451.22,1604.35,2095.76,1786.16,1767.07,3819.41,3208.92
India,Gujarat,1253.01,751.34,531.5,862.81,819.33,660.81,675.45,857.79,511.94,956.07,823.07
India,Haryana,682.81,720.36,673.85,767.3,523.63,623.53,604.6,640.74,664.31,592.79,614.39
India,Himachal Pradesh,729.05,840.31,653.1,915.59,769.17,1003.68,698.47,898.52,790.07,868.26,737.07
India,Karnataka,1247.59,1101.94,803.9,1106.48,1188.62,932.42,938.81,1079.15,912.75,1394.03,1344.1
India,Kerala,2585.49,2122.54,1561.08,2254.69,2460.09,2506.13,1645.68,2259.05,2269.73,2461.99,2577.79
India,Lakshadweep,1850.9,1485.2,1390.7,1535.3,1253.6,1865.6,957.2,1836.6,1326.4,2130.1,1958.9
India,Maharashtra,1402.21,1089,921.54,1220.03,1009.55,944.67,1079.66,1033.69,872.7,1467.26,1350.2
India,Manipur,2096.05,1703.76,1971.27,1720.76,1565.83,1991.13,1823.93,2204.44,1628.47,1705.31,1998.63
India,Meghalaya,3722.62,2527.98,3130.13,2969.22,2716.79,3569.41,3082.06,3914.51,2647.07,3001.91,3741.14
India,Mizoram,2569.82,2419.07,2554.56,2234.15,1976.32,2871.56,2377.95,3224.49,2173.18,2325.15,2638.65
India,Nagaland,2194.56,1607.3,1956.45,1850.52,1515.15,1932.73,1760.93,2002.05,1572.38,1654.24,2048.38
India,Orissa,1479.89,1329.12,1378.48,1340.79,1388.93,1258.95,1409.93,1369.27,1498.74,1670.79,1480.36
India,Punjab,707.55,779.95,651.77,853.48,684.54,807.13,658.93,690.95,664.69,719.73,752.98
India,Rajasthan,595.9,515,494.89,646.06,450.14,549.63,560.58,479.78,467.49,646.71,492.85
India,Sikkim,1817.58,1898.39,1431.23,1639.06,1333.87,1539.29,1665.82,1604.95,1375.55,1576.31,1733.47
India,Tamil Nadu,1326.96,1092.35,860.52,987.57,1056.36,1522.47,729.28,1185.17,980.52,1074.85,1111.47
India,Tripura,2491.76,1852.09,2258.47,2100.46,1944.37,2729.83,2220.15,3116.37,2020.61,2149.83,2596.44
India,West Bengal,1636.57,1678.93,1427.96,1615.06,1426.26,1786.67,1652.54,1865.54,1359.07,1587.3,1842.08
India,Administrative unit not available,282.19,251.78,202.8,242.95,214.42,364.52,187.84,356.08,253,284.41,246.47
India,Administrative unit not available.1,484.07,397.03,349.78,456.91,412.8,602.01,337.48,470.67,357.44,471.85,450.72
India,Administrative unit not available.2,887.64,640.59,555.37,759.05,671.11,951,537.33,646.16,501.77,734.15,742.64
India,Administrative unit not available.3,904.3,726.61,634.46,860.27,804.08,1064.8,626.98,754.56,609.62,850.72,832.64
India,Administrative unit not available.4,919.38,730.02,636.22,864.05,802.34,1079.1,627.9,757.78,605.81,859.26,839.84
India,Administrative unit not available.5,740.22,649.88,564.21,767.46,711.32,928.35,563.92,693.28,570.43,752.69,726.18
India,Administrative unit not available.6,1010.67,816.57,703.87,964.65,888.22,1204.65,701.08,833.82,671.76,961.34,932.04
India,Administrative unit not available.7,1063.46,1009.51,820.63,1161.29,1030.22,1258.52,885.21,916.11,846.23,1067.68,1053.54
India,Administrative unit not available.8,932.08,955.03,792.55,1101.11,1025.21,1202.24,821.91,895.82,833.35,1009.42,984.5
India,Administrative unit not available.9,1067.63,845.83,717.03,1009.66,885.67,1214.21,741.85,831.32,690.31,960.07,950.37
India,Arunachal Pradesh,1945.6,1391.13,1710.25,1681.63,1281.15,1624.87,1631.58,1670.28,1501.08,1482.58,1734.5
India,Bihar,1171.91,1518.04,1346.82,1306.29,851.6,1228.62,1358.04,1199.35,1155.09,1203.42,1336.06
India,Chandigarh,882.5,1022.9,856.4,1124.8,858.2,982.5,856.1,978.1,946.1,943.5,894.5
India,Chhattisgarh,1323.9,1243.79,1429.14,1426.03,1228.73,1309.2,1373.22,1300.72,1268.15,1601.32,1392.25
India,Dadra and Nagar Haveli,2589.93,2035.49,1246.73,1887.83,1977.19,1239.33,1735.54,2010.75,1295.2,2347.68,2325.41
India,Daman and Diu,1967.86,1157.59,521.66,1015.17,1146.13,826.57,862.73,1114.1,720.4,1207.26,1189.99
India,Jharkhand,969.34,1414.61,1266.38,1310.82,1223.97,1209.96,1369.12,1256.17,1173.03,1310.34,1333.56
India,Madhya Pradesh,938.96,1164.31,1045.12,1527.86,1008.37,1026.32,1222.57,945.27,992.26,1500.69,1044.11
India,Puducherry,2118.68,1944.04,1435.33,1740.37,1889.69,2369.16,1416.04,1851.62,1710.55,1852.47,1922.5
India,Uttar Pradesh,653.49,1208.62,1132.94,1176.88,823.82,920.63,1044.69,1007.6,1010.81,1056.63,908.88
India,Uttarakhand,882.59,1143.43,885.73,1116.31,857.71,1202.13,872.67,1256.41,1050.84,1115.23,809.01
Japan,Japan,1787.25,1746.65,1724.84,1711.96,1734.92,1789.53,1834.74,1525.13,1828.61,1572.66,1799.6
Japan,Aiti,1947.99,1853.3,1775.41,1679.46,1718.59,1962.89,1794.48,1425.14,1845.11,1763.1,1869.85
Japan,Akita,1743.9,1659.46,1578.02,1901.42,1698.35,1502.34,1620.84,1655.25,1793.1,1293.67,1691.63
Japan,Aomori,1491.93,1446.28,1379.03,1603.91,1424.15,1285.88,1462.52,1416.32,1599.63,1115.35,1373.35
Japan,Ehime,1959.3,2137.51,2065.16,1885.46,1989.4,2128.1,2243.58,1778.54,2208.38,1926.59,2161.86
Japan,Hukui,2314.88,2181.26,2162.09,2237.94,2111.62,2286.36,2247.2,1797.4,2288.53,1914.2,2185.34
Japan,Hukuoka,2181.15,2085.77,2351.3,1810.71,2179.27,2362.18,2509.66,1724.27,2314.27,2119.78,2695.79
Japan,Hukusima,1543.07,1479.53,1361.27,1546.66,1552.16,1491.03,1520.29,1405.93,1478.83,1395.03,1547.73
Japan,Gifu,2032.47,1937.71,1844.16,1895.69,1831.63,1987.69,1893.88,1557.26,1975.01,1758.4,1966.64
Japan,Gunma,1523.24,1500.49,1346.24,1555.7,1503.55,1527.74,1531.05,1374.11,1533.44,1466.59,1535.24
Japan,Hirosima,1733.34,1870.18,1782.24,1725.92,1676.42,1853.73,1951.24,1500.96,1990.81,1610.47,2030.45
Japan,Hokkaidoo,1286.25,1258.73,1290.8,1350.67,1313.5,1243.13,1379.96,1173.39,1368.69,993.02,1052.68
Japan,Hyoogo,1719.42,1778.89,1621.48,1714.8,1553.59,1740.71,1735.69,1431.66,1899.89,1501.21,1778.55
Japan,Ibaraki,1563.56,1407.77,1396.53,1401.66,1515.78,1522.69,1480.48,1307.98,1385.28,1469.64,1479.3
Japan,Isikawa,2122.47,1988.26,1936.77,2109.63,1989,1991.02,2016.79,1674.54,2025.63,1695.38,1975.62
Japan,Iwate,1524.51,1486.5,1356.77,1635.97,1469.72,1324.11,1441.53,1450.44,1599.39,1155.03,1508.58
Japan,Kagawa,1373.12,1550.01,1381.8,1397.82,1289.83,1449.9,1518.22,1234.14,1599.97,1267.75,1493.59
Japan,Kagosima,2656.4,2466.38,2953.95,2005.86,2686.85,2838.16,2923.66,2194.53,2630.44,2526.81,2927.43
Japan,Kanagawa,1943.83,1708.2,1731.24,1662.6,1789.49,1931.75,1850.82,1547.94,1707.69,1877.35,1863.85
Japan,Kooti,2255.57,2475.33,2353.85,2166.22,2260.64,2443.36,2532.24,2060.89,2544.7,2222.61,2407.08
Japan,Kumamoto,2799.31,2597.89,2967.11,2147.39,2758.74,3031.96,3114.33,2186.23,2824.53,2645.11,3308.15
Japan,Kyooto,1759,1784.35,1654.39,1733.21,1594.57,1779.41,1712.28,1442.03,1887.24,1543.83,1760.7
Japan,Mie,2216.16,2295.06,2092.98,2029.93,1967.06,2348.08,2118.87,1748.68,2299.7,2098.91,2200.71
Japan,Miyagi,1479.71,1419.09,1305.08,1535.37,1460.3,1339.25,1396.17,1356.04,1443.08,1203.69,1492.56
Japan,Miyazaki,2938.59,2836.33,3162.19,2336.79,3008.56,3229.67,3351.58,2461.78,2972.55,2782.95,3358.15
Japan,Nagano,1680.01,1639.74,1501.07,1642.52,1588.09,1649.71,1597.82,1400,1648.62,1561.16,1691.63
Japan,Nagasaki,2349.9,2272.49,2572.21,1864.59,2369.49,2527.53,2645.38,1783,2440.54,2330.62,2830.83
Japan,Nara,2303.46,2397.7,2180.81,2112.03,2052.56,2430.03,2202.33,1833.95,2418.16,2151.66,2294.77
Japan,Niigata,1878.07,1748.03,1696.57,1945.08,1896.72,1754.11,1834.96,1613.24,1752.24,1550.52,1818.46
Japan,Ooita,2426.8,2415.39,2588.09,2073.71,2474.11,2642.2,2780.9,2044.38,2563.09,2339.51,2883.78
Japan,Okayama,1622.51,1709,1568.51,1614.88,1485.69,1676.59,1703.64,1369.18,1859.27,1436.8,1780.56
Japan,Okinawa,2439.29,2088.39,2504.43,1878.53,2116.39,1879.63,2320.84,2002.58,2478.67,2694.08,2537.54
Japan,Oosaka,1690.39,1722.91,1578.3,1547.13,1467.48,1733.55,1621.28,1321.48,1772.13,1514.36,1691.06
Japan,Saga,2310.25,2193.29,2484.02,1855.95,2285.84,2491.47,2644.81,1801.83,2415.68,2240.9,2861.18
Japan,Saitama,1459.37,1385.3,1295.97,1387.07,1403.36,1474.94,1438.56,1255.38,1390.18,1436.56,1433.08
Japan,Siga,1921.85,1880.48,1790.02,1805.64,1686.48,1929.28,1828.33,1500.69,1960.43,1668.01,1864.46
Japan,Simane,1869.24,1985.26,1936.37,1890.52,1850.13,1990.89,2103.08,1574.89,2163.87,1749.02,2182.45
Japan,Sizuoka,2151.24,1966.34,1951.88,1809,1968.32,2217.49,2063.02,1623.19,1948.37,2065.23,2099.82
Japan,Totigi,1563.58,1499.17,1384.22,1522.64,1551.97,1564.53,1554.42,1393.87,1504.19,1482.79,1539.25
Japan,Tokusima,1960.12,2196.61,1977.03,1932.95,1857.2,2090.46,2124.74,1748.82,2230.01,1863.69,2097.93
Japan,Tookyoo,1668.36,1527.32,1493.12,1508.17,1580.08,1680.34,1622.99,1394.94,1525.24,1637.78,1607.27
Japan,Tottori,1898.73,1943.96,1831.95,1922.34,1785.79,1986.05,1974.47,1600.96,2143.12,1682.22,2057.74
Japan,Toyama,2274.15,2086.51,2068.47,2225.19,2140.02,2136.64,2163.63,1774.25,2109.92,1830.34,2107.06
Japan,Tiba,1901.76,1591.42,1693.16,1565.23,1758.46,1841.9,1764.51,1495.12,1573.01,1820.05,1766.21
Japan,Wakayama,2415.12,2526.82,2307.96,2212.16,2167.45,2563.66,2372.04,1930.41,2535.78,2225.79,2381.12
Japan,Yamagata,1691.4,1610.03,1506.16,1801.54,1705.01,1528.65,1604.81,1544.77,1629.43,1359.89,1691.68
Japan,Yamaguti,1964.22,2019.96,2072.58,1850.23,1954.03,2108.29,2253.93,1623.72,2201.2,1885.95,2431.71
Japan,Yamanasi,1789.7,1718.42,1606.82,1696.4,1716.59,1842.49,1772.28,1510.81,1732.25,1775.07,1795.4
Kenya,Kenya,650.73,626.92,783.07,740.69,608.32,778.31,686.81,1002.64,806.64,1100.16,791.5
Kenya,Central,1172.1,1084.69,1542.05,1274.62,1079.87,1555.42,1359.53,1699.86,1648.15,2012.55,1473.33
Kenya,Coast,525.9,613.69,617.03,637.02,645.68,784.92,643.28,947.33,750.5,1092.49,704.47
Kenya,Eastern,547.82,547,728.14,625.42,528.94,698.1,605.75,1013.77,661.35,1035.51,646.23
Kenya,Nairobi,809.52,733.21,1020.19,913.97,766.97,1160.48,1082.48,1095.89,1163.29,1478.89,1024.1
Kenya,North Eastern,371.13,464.26,426.37,438.63,379.67,470.41,422.21,726.11,502,677.58,396.59
Kenya,Nyanza,1630.28,1467.43,1782.3,1722.72,1349.73,1672.04,1692.58,1609.89,1674.86,2390.74,1789.81
Kenya,Rift Valley,811.67,666.33,954.41,912.62,681.58,875.83,777.74,1062.69,978.81,1210.33,1036.61
Kenya,Western,1814.7,1479.65,2011.47,2002.22,1390.9,1767.17,1621.5,1971.91,1881.02,2452.96,2020.63
Mexico,Mexico,823.53,692.92,707.03,925.2,861.26,755.19,794.14,790.88,777.72,715.16,687.48
Mexico,Aguascalientes,465.52,343.25,397.04,606.5,527.83,607.89,535.31,467.49,707.74,511.66,464.79
Mexico,Baja California,228.03,164.32,149.04,141.04,166.81,146.89,168.88,159.07,157.66,222.17,146.6
Mexico,Baja California Sur,102.52,106.86,222.15,199.19,267.31,170.59,182.74,170.19,232.45,164,122.09
Mexico,Campeche,1506.1,1392.62,1323.34,1841.1,1464.98,1212.14,1258.96,1304.2,1497.38,1375.2,1415.12
Mexico,Chiapas,2423.91,2196.36,1704.88,2549.43,1961.49,1778.32,1858.11,1818.04,1633.47,1785.12,2143.83
Mexico,Chihuahua,424.69,275.77,353.1,516.77,487.41,538.55,484.04,445.75,391.09,371.95,242.54
Mexico,Coahuila,366.77,174.93,253.49,386.68,331.11,367.73,455.23,323.75,338.56,269.55,231.03
Mexico,Colima,1026.28,999.79,834.3,1223.81,1171.6,927.61,1076.2,1073.49,1319.25,1067.5,1068.14
Mexico,Distrito Federal,1090.33,1037.64,1127.37,1195.85,1299.74,1030.98,1118.46,1258.42,1190.96,1049.88,990.67
Mexico,Durango,600.26,447.41,425.62,622.05,796.15,554.71,672.7,550.66,573.76,470.3,422.94
Mexico,Guanajuato,593.63,491.53,512.43,704.5,685.22,670.6,626.55,606.21,783.14,594.38,543.87
Mexico,Guerrero,1140.58,1113.67,1083.55,1287.74,1220.97,951.19,1118.2,1275.88,1139.99,1074.47,1008.54
Mexico,Hidalgo,1071.2,1006.13,1142.89,1333.12,1289.82,1068.49,1129.27,1236.51,1149.93,1045.47,969.48
Mexico,Jalisco,829.05,769.45,696.9,991.69,974.65,875.54,939.68,853.58,1113.62,850.44,865.24
Mexico,Mexico.1,1001.78,963.59,1026.02,1147.22,1221.42,992.01,1052.58,1158.78,1189.42,1010.43,927.8
Mexico,Michoacan,943.94,901.66,845.09,1108.95,1115.69,921.81,984.21,988.05,1226.86,988.51,901.29
Mexico,Morelos,966.94,926.94,1028.27,1108.71,1121.77,868.69,976.72,1193.79,994.46,920.29,899.7
Mexico,Nayarit,1052.9,1037.42,803.11,1221.28,1303.27,970.93,1232.57,1014.77,1232.26,1013.78,1012.63
Mexico,Nuevo Leon,653.52,303.43,402.66,678.11,590.84,589.09,639.75,496.78,504.9,429.69,439.35
Mexico,Oaxaca,1652.96,1365.14,1428.9,1469.32,1389.44,1106.75,1208.03,1526.81,1170.28,1251.01,1223.51
Mexico,Puebla,1093.41,1008.82,1246.88,1288.96,1292.69,996.87,1089.64,1333.74,1090.04,1018.34,992.02
Mexico,Queretaro,706.64,635.42,648.98,834.78,831.17,705.8,733.76,762.41,796.46,680.92,627.07
Mexico,Quintana Roo,1370.77,1349.19,1335.45,1747.87,1534.96,1143.96,1197.19,1306.48,1496.26,1330.98,1420.3
Mexico,San Luis Potosi,703.64,520.26,543.62,844.93,719.29,685.04,688.73,648.33,655.93,555.7,570.42
Mexico,Sinaloa,593.33,628.95,692.8,801.56,1121.05,761.9,811.1,623.44,777.77,646.08,487.08
Mexico,Sonora,359.09,353.3,342.89,412.75,407.58,498.27,415.97,436.44,394.98,355.13,243.08
Mexico,Tabasco,2333.68,2286.71,2144.83,2987.57,2204.72,2290.98,2152.48,2116.84,2200.89,2245.85,2408.5
Mexico,Tamaulipas,889.1,531.86,565.32,933.18,749.24,690.27,742.4,699.89,564.78,540.61,611.41
Mexico,Tlaxcala,820.42,779.94,934.77,951.96,1015.47,764.73,837.62,1025.82,852.22,781.48,761.31
Mexico,Veracruz,1881.17,1646.55,1952.53,2119.66,1902.08,1593.81,1730.98,1984.13,1596.98,1593.74,1659.11
Mexico,Yucatan,1200.55,1089.23,1087.45,1435.24,1279.5,906.92,990.25,1134.8,1191.55,1242.79,1197.35
Mexico,Zacatecas,462.99,298.24,322.91,541.94,537.68,509.9,522.45,431.17,540.11,409.74,384.99
Russia,Russia,466.67,457.14,473.59,493.81,462.7,474.77,470.76,492.74,466.13,480.01,476.29
Russia,Adygeya Rep.,1040.29,980.45,802.31,1057.75,923.36,927.12,1145.87,1029.08,949.24,840.7,720.95
Russia,Aginskiy Buryatskiy A. Okrug,363.33,278.35,468.53,458.15,307.11,296.12,327.18,327.8,444.54,359.63,453.24
Russia,Altay Rep.,493.92,365.03,493.47,566.79,472.83,535.9,545.31,412.86,418.12,535.47,517.77
Russia,Altayskiy Kray,440.25,374.85,443.35,544.62,518.8,531.19,546.7,444.16,496.13,450.66,451.27
Russia,Amurskaya Oblast,630.8,478.13,648.69,668.84,521.33,497.76,649.25,563.1,551.72,603.43,552.57
Russia,Arkhangelskaya Oblast,585.16,578.39,707.07,569.88,606.03,642.15,564.29,722.12,617.83,743.21,674.43
Russia,Astrakhanskaya Oblast,254.72,275.94,229.1,298,191.17,239.23,320.41,237.46,210.53,225.89,180.81
Russia,Bashkortostan Rep.,397.24,502.72,441.6,532.8,493.82,558.77,511.58,558.69,421.56,520.04,485.97
Russia,Belgorodskaya Oblast,598.13,477.06,597.9,568.71,471.32,524.42,707.71,523.74,531.34,468.95,476.33
Russia,Bryanskaya Oblast,615.14,566.16,749.76,660.4,490.22,530.87,711.94,666.83,579.87,511.2,598.31
Russia,Buryatiya Rep.,434.26,387.39,492.11,485.81,372.14,344.99,419.37,397.34,485.23,412.5,524.71
Russia,Chechnya Rep.,678.04,654.18,589.35,663.61,584.87,549.11,710.88,571.84,561.04,506.65,582.36
Russia,Chelyabinskaya Oblast,342.95,497.3,378.42,462.36,476.35,534.36,490.93,495.76,409.32,464.5,458.08
Russia,Chitinskaya Oblast,409.04,374.78,520.35,492.44,353.44,319.07,394.09,378.96,463.35,375.01,474.89
Russia,Chukotskiy Okrug,315.76,340.58,312.97,364.57,354.7,302.46,314.7,395.21,291.29,349.25,306.91
Russia,Chuvashiya Rep.,433.99,622.74,635.69,596.27,484.38,570.5,613.22,636.17,450.93,532.83,513.2
Russia,Dagestan Rep.,618.42,578.63,521.13,587.18,514.62,514.65,646.88,488.63,501.92,422.93,516.57
Russia,Evenkiyskiy Okrug,451.71,452,356.99,427.07,468.31,475.23,328.33,466.76,428.44,443.92,480.12
Russia,Ingushetiya Rep.,826.53,850.06,720.01,850.38,741.62,691.86,874.92,745.8,697.85,641.93,729.1
Russia,Irkutskaya Oblast,420,396.11,413.11,440.2,382.2,395.87,371.96,417.26,418.08,392.4,458.16
Russia,Ivanovskaya Oblast,545.16,576.62,743,624.36,513.86,624.73,686.77,725.56,558,615.77,631.16
Russia,Kabardino-balkariya Rep.,798.89,907.07,730.03,884.55,794.45,736.83,923.16,830.01,715.18,723.86,715.65
Russia,Kaliningradskaya Oblast,903.57,717.1,813.38,735.43,676,623.06,848.95,912.61,628.91,651.22,714.88
Russia,Kalmykiya Rep.,304.49,325,281.2,331.56,238.71,274.03,374.69,279.75,271.98,260.78,219.29
Russia,Kaluzhskaya Oblast,615.49,624.94,808.05,752.45,497.35,608.17,825.7,785.19,621.44,582.24,733.21
Russia,Kamchatskaya Oblast,789.31,812.76,822.71,803,713.28,740.73,808.61,886.23,802.92,846.23,876.45
Russia,Karatchayevo-cherkesiya Rep.,926.28,1033.92,834.36,998.46,916.86,894.69,1084.27,988.62,839.59,825.43,784.14
Russia,Karelya Rep.,587.04,602.23,751.46,590.19,576.23,644.06,681.14,688.87,576.59,710.49,675.48
Russia,Kemerovskaya Oblast,525.55,462.35,449,642.53,556.17,589.62,494.78,526.78,565.65,503.3,550.68
Russia,Khabarovskiy Kray,668.99,586.64,693.09,701.54,623.15,622.58,689.74,612.77,623.09,657.91,588.84
Russia,Khakasiya Rep.,509.84,433.65,466.9,596.13,509.53,546.12,515.36,563.08,529.27,558.12,532.59
Russia,Khanty-mansyiskiy Okrug,491.51,517.14,517.16,546.99,618.48,644.92,465.66,567.01,576.42,583.59,571.42
Russia,Kirovskaya Oblast,519.11,623.93,691.43,624.98,623.56,664.2,609.09,716.25,572.3,724.48,621.53
Russia,Komi Rep.,538.92,552.72,631.58,549.61,623.35,643.17,552.99,639.49,577.71,682.09,558.53
Russia,Komi-permyatskiy Okrug,547.57,640.57,727.73,687.14,680.78,765.41,632.26,777.58,641.43,834.82,633.63
Russia,Koryakskiy Okrug,503.18,532.79,494.89,519.18,488.35,417.46,488.36,512.34,475.18,496.12,462.62
Russia,Kostromskaya Oblast,567.65,604.38,736.17,573.48,555.93,638.33,635.78,727.91,581.7,692.02,672.8
Russia,Krasnodarskiy Kray,837.11,743.36,612.48,800.31,708.39,720.11,907.07,793.85,750.63,663.37,563.96
Russia,Krasnoyarskiy Kray,578.33,539.17,469.86,628.55,592.35,615.11,474.83,624.44,541.85,600.45,620.53
Russia,Kurganskaya Oblast,303.92,445.02,361.42,418.63,444.68,506.51,439.75,403.55,426.97,412,373.28
Russia,Kurskaya Oblast,618.45,532.33,659.04,633.08,478.6,557.18,749.72,581.78,555.33,497.46,537.15
Russia,Administrative unit not available,356.04,350.65,302.21,365.75,308.44,316.3,409.35,294.53,300.88,251.16,298.25
Russia,Leningradskaya Oblast,668.47,699.45,820.01,619.63,606.92,605.49,787.11,804.93,623.1,764.78,687.91
Russia,Lipetskaya Oblast,527.46,513.28,660.25,630.66,406.34,533.9,729.85,622.13,499.36,489.89,512.4
Russia,Magadanskaya Oblast,400.35,396.48,405.94,446.51,393.83,305.04,400.28,422.58,427.33,380.3,348.07
Russia,Mariy-el Rep.,447.65,631.2,650.29,602.97,522.58,590.52,604.82,651.15,475.81,577.77,542.49
Russia,Mordoviya Rep.,466.78,588.94,662.73,637.19,464.26,554.66,682.08,663.2,463.16,483,497.04
Russia,Moskovskaya Oblast,590.37,614.13,806.58,754.48,501.35,647.22,834.96,799.97,609.33,598.96,729.37
Russia,Moskva,596.09,621.51,830.85,778.56,505.17,668.24,865.51,818.8,621.45,607.26,752.29
Russia,Murmanskaya Oblast,653.73,626.45,711.51,573.74,615.77,647.75,675.27,684.15,582.28,729.67,685.7
Russia,Name Unknown,486.61,470.65,383.69,461.4,408.33,431.89,544,435.93,428.42,395.47,332.28
Russia,Nenetskiy Okrug,443.94,348.22,427.44,379.68,434.71,417.88,379.09,394.08,418.99,445.38,423
Russia,Nizhegorodskaya Oblast,500.29,615.38,714.19,638.13,514.36,603.99,673.7,695.18,501.85,560.03,564.74
Russia,Novgorodskaya Oblast,715.2,678.03,797.82,645.55,637.86,584.15,797.56,837.76,629.48,761.51,677.97
Russia,Novosibirskaya Oblast,400.4,412.87,326.62,515.49,440.01,518.86,426.01,418.15,507.05,386.69,440.53
Russia,Omskaya Oblast,344.92,423.52,357.44,494.04,471.13,554.9,444.83,397.82,522.67,426.31,422.81
Russia,Orenburgskaya Oblast,302.82,402.16,309.01,430.59,349.45,397.22,480.59,385.47,305.61,347.89,346.13
Russia,Orlovskaya Oblast,599.7,558.7,702.12,671.76,462.22,575.51,767.5,655.46,556.68,536.96,594.23
Russia,Penzenskaya Oblast,460.11,542.16,600.79,597.09,436.79,502.93,668.99,617.04,454.85,446.29,454.52
Russia,Permskaya Oblast,539.95,639.7,693.69,699.55,680,788.07,622.98,772.66,624.5,802.54,636.15
Russia,Primorskiy Kray,833.71,608.74,909.77,907.54,804.9,856.12,975.71,736.66,852.1,889.84,955.93
Russia,Pskovskaya Oblast,739.41,624.24,786.73,643.21,651.07,564.96,760.79,841.13,605.38,727.8,676.58
Russia,Rostovskaya Oblast,521.72,464.24,426.35,472.38,427.22,462.34,597.28,470.65,474.04,426.02,374.72
Russia,Ryazanskaya Oblast,487.6,544.96,686.52,664.6,419.49,569.89,736.46,681.82,495.27,488.17,550.92
Russia,Sakha Rep.,318.74,312.01,303.98,334.27,303.3,291.89,320,318.35,299.7,286.49,288.38
Russia,Sakhalinskaya Oblast,916.88,824.85,838.24,930.53,833.81,926.42,820.91,750.22,735.54,654.32,806.47
Russia,Samarskaya Oblast,414.96,556.55,471.77,534.87,421.2,535.23,577.95,522.05,409.11,475.2,441.1
Russia,Sankt-peterburg,693.84,711.11,863.28,621.17,623.88,601.62,815.24,839.24,632.44,780.61,700.71
Russia,Saratovskaya Oblast,391.13,450.25,434.32,495.78,356.5,423.88,564.87,470.07,376.5,372.38,362.76
Russia,Severnaya Osetiya-alaniya Rep.,888.48,958.03,781.75,951.45,849.92,793.36,983.45,844.01,785.32,731.75,801.14
Russia,Smolenskaya Oblast,686.78,648.12,855.74,738.88,560.67,592.15,807.61,816.14,659.97,640.28,735.11
Russia,Stavropolskiy Kray,502.31,538.52,434.36,529.03,455.08,445.59,574.25,488.02,436.6,440.81,388.55
Russia,Sverdlovskaya Oblast,428.34,525.49,540.66,546.46,589.25,651.22,520.86,599.96,523.01,592.6,515.92
Russia,Tambovskaya Oblast,486.93,498.22,625.12,603.66,395.98,502,707.67,625.13,486.51,454.09,462.42
Russia,Tatarstan Rep.,431.76,602.24,576.07,576.87,513.08,582.66,568.47,618.12,456.41,573.58,515.77
Russia,Taymyrskiy Okrug,373.76,365.83,340.25,270.18,348.48,371.2,313.42,332.93,393.67,355.83,375.99
Russia,Tomskaya Oblast,566.32,555.77,388.83,646.4,554.77,678.06,462.72,582.03,620.89,538.58,623.9
Russia,Tulskaya Oblast,559.07,572.69,734.6,709.29,443.26,597.81,787.1,720.19,560.71,542.24,641.48
Russia,Tverskaya Oblast,720.97,695.12,850.01,744.94,634.78,655.66,844.74,879.76,697.56,751.07,776.05
Russia,Tyumenskaya Oblast,370.56,457.52,446.78,495.21,542.37,602.08,452.19,446.68,541.67,484.17,444.61
Russia,Tyva Rep.,533.24,447.5,522.72,597.36,439.28,485.75,613.98,503.5,549.8,582.95,590.94
Russia,Udmurtiya Rep.,480.33,594.22,623.09,608.73,598.65,652.07,561.96,677.42,524.76,696.06,579.26
Russia,Ulyanovskaya Oblast,422.36,579.8,547.86,556.69,447.58,522.81,594.02,577.07,425.55,479.78,459.38
Russia,Ustordynskiy Buryatskiy Okrug,466.91,450.64,458.83,469.77,442.41,378.78,485.01,471.55,473.48,481.08,554.91
Russia,Vladimirskaya Oblast,539.71,578.8,747.44,681.96,492.23,625.31,749.24,736.66,552.11,566.69,627.16
Russia,Volgogradskaya Oblast,383.75,366.37,393.93,428.67,321.1,362.49,490.68,415.05,377.11,345.43,321.07
Russia,Vologodskaya Oblast,614.6,643.96,742,571.09,592.58,638.91,642.06,761.63,617.99,763.49,722.32
Russia,Voronezhskaya Oblast,518.34,465.94,555.31,543.95,402.59,476.56,674.79,540.88,478.22,450.59,443.37
Russia,Yamalo-nenetskiy Okrug,500.58,475.98,434.43,423.45,496.78,489.57,387,481.62,468.5,516.24,501.91
Russia,Yaroslavskaya Oblast,594.12,583.14,744.18,609.81,528.87,624.59,688.93,753.06,595.18,672.26,709.62
Russia,Yevreyskaya A. Oblast,698.83,566.78,752.89,730.22,602.35,706.04,767.19,662.54,575.05,873.21,778.45
Turkey,Turkey,623.08,598.88,680.26,494.23,606.7,624.88,619.92,513.42,669.54,576.44,530.06
Turkey,Adana,791.52,795.5,974.61,552.58,702.35,688.56,747.68,586.1,930.31,845.88,651.97
Turkey,Adiyaman,448.34,555.78,731.85,407.84,465.82,527.11,525.5,359.8,705.72,654.08,528.96
Turkey,Afyon,552.6,543.86,592.12,433.08,563.5,609.51,471.74,480.49,564.6,458.85,446.59
Turkey,Agri,566.88,572.81,458.68,442.81,457.11,535.74,595.07,397.39,552.99,388.35,509.21
Turkey,Aksaray,428.02,402.36,405.68,271.77,382.34,378.54,360.7,320.21,413.1,353.27,309.04
Turkey,Amasya,564.27,523.35,562.84,359.08,534.55,527.17,595.63,470.18,519.25,463.75,393.99
Turkey,Ankara,550.31,452.81,510.99,335.38,525.97,540.23,522.83,426.87,531.05,468.72,399.57
Turkey,Antalya,728.62,675.27,889.48,604.81,739.17,742.73,570.21,593.93,722.58,725.62,579.88
Turkey,Ardahan,721.74,763.31,635.94,649.56,622.76,725.05,850.42,603.38,699.72,537.95,673.56
Turkey,Artvin,774.89,824.49,732.62,727.43,707.03,832.06,982.58,673.39,799.55,599.24,697.4
Turkey,Aydin,859.41,684.81,990.33,801.76,812.38,844.18,665.77,741.47,793.86,794.7,644.56
Turkey,Balikesir,850.16,646.32,875.66,711.95,821.57,761.79,678.28,727.96,761.58,608.85,581.74
Turkey,Bartin,916.42,719.82,845.22,562.78,889.3,904.19,968.44,723.63,855.09,786.96,619.26
Turkey,Batman,515.91,681.06,715.44,566.85,571.98,631.82,721.01,484.02,808.82,727.96,713.2
Turkey,Bayburt,516.64,631.18,549.11,459.06,530.45,600.1,690.23,464.67,611.19,464.69,534.65
Turkey,Bilecik,737.01,552.64,708.03,507.42,694.12,752.81,653.45,592.38,701.23,551.16,553.79
Turkey,Bingol,640.19,787.38,759.41,598.69,638.5,707.33,809.73,521.32,865.27,710.37,713.73
Turkey,Bitlis,630.06,754.05,732.65,625.64,616.47,693.33,815.67,552.41,866.9,702.43,731.56
Turkey,Bolu,791.8,593.81,705.23,493.41,784.83,809.06,772.54,634.45,761.39,661.37,576.67
Turkey,Burdur,574.9,546.95,682.62,512.56,587.7,628.02,465.01,493.73,581.63,529.07,454.09
Turkey,Bursa,913.73,684.96,885.04,654.34,837.29,867.41,767.48,729.9,829.69,620.97,623.35
Turkey,Canakkale,868.07,626.9,828.37,735.78,892.65,752.99,663.7,754.95,772.94,598.05,588.31
Turkey,Cankiri,660.14,528.5,628.21,396.1,665,644.79,669.06,516.12,644.27,590.38,461.96
Turkey,Corum,585.57,504.43,551.94,349.54,560.49,553.25,583.55,461.27,544.16,485.7,390.52
Turkey,Denizli,663.2,590.79,786.03,608.51,667.19,712.24,528.57,575.45,671.47,613.93,520.6
Turkey,Diyarbakir,439,597.31,660.42,468.17,511.59,563.58,598.99,396.16,731.8,657.87,598.01
Turkey,Edirne,804.21,569.7,691.86,620.82,901.74,745.99,621.55,712.49,726.8,512.95,554.66
Turkey,Elazig,495.47,626,692.79,462.72,537.07,575.08,609.45,410.76,735.06,623.55,578.78
Turkey,Erzincan,560.7,644.64,635.26,466.12,545.42,594.14,684.94,473.13,670.22,530.23,562.11
Turkey,Erzurum,599.31,661.69,552.54,514.97,538.16,631.03,721.26,480.09,637.21,460.72,569.7
Turkey,Eskisehir,542.39,455.24,521.36,375.36,520.87,579.21,496.26,458.16,534.12,442.57,434.46
Turkey,Gaziantep,469.31,557.8,806.42,412.25,472.26,534.74,541.21,385.51,739.5,735.86,549.61
Turkey,Giresun,616.5,676.81,670.4,484.22,594.51,630.47,755.36,548.84,658.54,530.2,560.03
Turkey,Gumushane,545.73,633.7,588.53,448.66,542.56,585.2,690.93,481.2,615.04,477.74,524.71
Turkey,Hakkari,470.63,622.46,588.59,565.77,541.68,565.37,660,482.54,746.17,639.08,667.64
Turkey,Hatay,711.83,851.46,1190.97,606.13,763.3,774.65,803.98,615.68,1094.05,1075.94,777.33
Turkey,Icel,632.57,657.7,804.53,452.47,592.54,589.37,565.16,495.98,696.59,728.14,549.01
Turkey,Igdir,485.16,465.78,370.01,356.25,373.73,432.92,472.58,319.08,425.29,285.49,400.08
Turkey,Isparta,618.47,629.59,712.27,500.73,633.13,669.55,510.55,529.78,620.59,548.54,494.26
Turkey,Istanbul,955.44,697.28,840.38,685.39,965.27,882.04,801.33,816.43,866.12,627.35,602.19
Turkey,Izmir,800.11,632.47,888.92,748.77,758.77,742.11,629.17,697.87,728.05,695.16,560.78
Turkey,K.maras,592.44,621.05,780.84,445.23,549.77,562.34,572.76,442.43,752.82,682.25,563.24
Turkey,Karabuk,983.8,775.19,920.4,598.63,953.91,967.33,1038.84,773.57,925.86,860.22,682.63
Turkey,Karaman,498.7,517.32,576.79,377.07,502.68,464.05,426.08,409.04,526.37,519.49,421.59
Turkey,Kars,648.45,631.57,515.37,498.66,509.61,596.65,669.02,450.76,582.44,403.04,565.05
Turkey,Kastamonu,794.38,689.99,742.12,496.22,797.66,791.83,841.94,653.29,756.73,705.85,550.93
Turkey,Kayseri,534.64,498.34,550.36,345.23,474.16,444.81,461.58,392.24,531.12,440.4,391.6
Turkey,Kilis,431.62,553.99,842.17,411.59,482.69,533.64,548.81,400.61,744.32,743.93,551.49
Turkey,Kirikkale,536.44,426.21,493.12,303.13,498.35,482.05,491.62,384.84,500.54,432.21,358.23
Turkey,Kirklareli,822.8,578.18,704.74,613.25,916.15,780.06,661.07,729.21,753.6,525.01,546.93
Turkey,Kirsehir,548.91,451.73,483.73,321.88,465.85,467.94,466.92,378.15,502.24,433.92,359.36
Turkey,Kocaeli,922.81,673.19,802.26,626.81,909.2,877.33,797.02,745.77,845.68,656.99,634.8
Turkey,Konya,489.97,481.1,513.59,354.2,480.65,470.23,416.24,393.11,487.66,430.75,385.5
Turkey,Kutahya,825.82,630.44,840.11,607.42,733.44,820.08,688.39,650.17,755.69,590.79,588.81
Turkey,Malatya,457.22,551.65,637.3,378.16,482.16,482.14,501.22,370.06,646.22,548.36,487.92
Turkey,Manisa,799.76,618.47,884.66,711.53,749.53,754.15,631.02,669.78,728.48,652.67,568.86
Turkey,Mardin,392.15,536.06,637.16,465.08,475.21,530.04,569.91,380.28,701.23,678.44,605.61
Turkey,Mugla,904.41,733.98,1040.98,832.92,872.67,864.93,656.29,758.6,823.54,851.88,665.61
Turkey,Mus,638.61,728.18,659.47,565.91,588.36,671.26,764.42,508.75,790.2,623.56,678.52
Turkey,Nevsehir,510.91,448.75,470.81,314.61,434.76,428.68,430.99,368.72,472.8,404.89,347.95
Turkey,Nigde,467.1,463.69,502.64,320.6,419.91,407.7,409.28,363.5,486.01,414.32,358.26
Turkey,Ordu,650.35,686.79,746.53,504.09,647.96,664.25,808.13,591.94,677.19,565.47,543.96
Turkey,Osmaniye,827.49,848.6,1104.46,610.78,750.33,762.2,808.92,614.73,1053.47,966.68,734.74
Turkey,Rize,751.49,847.41,766.56,722.34,741.74,851.57,1012.06,686.81,823.29,617.67,713.18
Turkey,Sakarya,841.06,623.54,757.29,566.13,853.05,865.38,780.38,693.27,811.93,664.38,622.01
Turkey,Samsun,709.34,680.24,745,478.79,716.71,691.82,772.66,595.82,687.77,592.12,493.5
Turkey,Sanliurfa,346.73,458.14,618.18,363.37,395.17,463.8,454.42,300.29,624.49,609.71,482.31
Turkey,Siirt,610.37,781.09,825.66,686.11,653.62,712.25,855.31,582.1,947.75,831.28,822.6
Turkey,Sinop,730.68,661.25,706.57,461.63,720.04,707.67,770.59,598.59,688.69,612.5,473.2
Turkey,Sirnak,510.82,661.52,711.39,613.66,562.85,605.56,735.02,502.55,829.97,749.71,729.96
Turkey,Sivas,493.74,500.31,549.42,357.12,481.32,469.67,533.05,416.71,521.16,433.73,418.17
Turkey,Tekirdag,824.23,586.59,712.37,638.4,875.37,751.65,645.87,713.4,743.43,524.81,544.4
Turkey,Tokat,543.73,523.76,582.68,382.9,518.44,521.14,617.51,482.07,531.54,453.91,422.36
Turkey,Trabzon,600.29,723.93,664.54,542.75,635.09,694.79,821.35,563.49,687.12,522.32,597.58
Turkey,Tunceli,593.53,711.14,736.84,524.07,608.3,651.08,728.36,484.49,798.2,643.25,642.83
Turkey,Usak,682.16,557.99,749.44,576.74,633.58,700.14,554.01,568.42,658.79,537,506.74
Turkey,Van,483.66,577.05,520.89,483.29,479.96,532.97,609.24,420.45,623.78,493.74,555.39
Turkey,Yalova,958.01,696.19,841.04,661.21,906.23,869.94,808.92,790.81,863.16,633.43,612.05
Turkey,Yozgat,554.66,466.13,529.46,333.23,474.27,472.72,508.08,412.82,499.8,432.66,377.74
Turkey,Zonguldak,1005.08,727.1,871.45,602.01,992.42,979.49,989.01,777.9,935.04,827.24,665.04
USA,United States,707.51,707.37,658.57,745.48,720.92,806.4,728.29,755.19,804.4,814.96,717.58
USA,Alabama,1229.76,1362.37,1378.16,1770.84,1426.7,1686.32,1271.12,1700.42,1718.65,1490.77,1704.41
USA,Alaska,433.86,467.37,489.79,490.54,473.6,488.49,467.84,485.7,485.51,507.27,469.34
USA,Arizona,331.2,275.44,246.89,302.43,236.48,386.6,277.82,225.34,279.42,315.13,187.91
USA,Arkansas,958.06,1272.66,1062.83,1383.75,1144.01,1605.65,1132.95,1238.17,1535.85,1562.23,1522.14
USA,California,742.42,489.67,615.98,217.4,523.14,414.75,637.88,665.46,504.09,741.23,329.87
USA,Colorado,414.13,414.06,254.1,428.27,459.53,531.98,435.69,416.02,387.81,458.05,269.8
USA,Connecticut,1215.29,1573.37,1151.54,1238.9,1350.89,1139.21,1033.54,1289.6,1605.7,1413.86,1220.01
USA,Delaware,1095.48,1271.66,1077.88,1214.12,1165.34,1209.27,1060.13,1161.06,1622.7,1172.49,1441.14
USA,District of Columbia,1023.4,1124.5,1000.26,1197.81,1107.82,1201.55,1055.56,1069.28,1607.95,1108.93,1478.4
USA,Florida,1214.13,1374.31,1522.78,1593.39,1557.54,1562.87,1423.14,1645.58,1592.56,1576.96,1584.38
USA,Georgia,1090.4,1105.32,1108.17,1619.44,1309.7,1452.29,1069.09,1449.72,1543.64,1298.26,1597.56
USA,Hawaii,1109.04,1715.39,1360.95,1588.09,1920.17,1654.87,1802.89,1801.21,2071.95,1572.94,1828.46
USA,Idaho,537.3,471.04,460.74,380.53,529.27,443.65,457.18,565.05,473.33,505.73,481.56
USA,Illinois,1021.18,1133.86,815.3,1135.85,1112.79,1211.66,1081.18,992.43,1212.69,1328.65,1156.8
USA,Indiana,932.09,1397.35,921.7,1201.08,1117.23,1230.16,1101.66,1171.54,1333.22,1292.98,1187.7
USA,Iowa,1069.81,829.66,656.67,869.65,995.17,1033.97,978.17,888.67,1040.45,1138.39,848.48
USA,Kansas,714.23,616.62,522.67,749.4,691.5,884.9,802.38,831.5,763.97,899.29,668.27
USA,Kentucky,1017.68,1641.57,1170.24,1487.43,1314.15,1478.46,1219.18,1380.31,1676.51,1543.55,1467.04
USA,Louisiana,1104.62,1200.35,1561.73,1565.44,1295.53,1805.58,1482.68,1530.09,1712.59,1549.05,1648.17
USA,Maine,1300.18,1352.02,1112.49,1301.16,1286.77,1105.72,1121.63,1231.2,1274.07,1273.33,1060.5
USA,Maryland,1059.62,1225.2,1043.91,1214.96,1147.26,1212.5,1059.64,1131.7,1622.5,1163.91,1448.81
USA,Massachusetts,1170.02,1559.73,1130.46,1221.53,1318.05,1110.03,1002.32,1280.55,1539.78,1405.32,1156.56
USA,Michigan,817.8,970.69,783.87,989.65,925.8,823.77,925.22,969.3,1015.42,1095.79,958.06
USA,Minnesota,849.29,675.28,638.23,796.26,798.63,800.21,845,714.86,756.01,961.8,647.89
USA,Mississippi,1090.58,1359.41,1415.91,1645.5,1381.16,1663.94,1395.39,1607.92,1680.94,1602.29,1607.72
USA,Missouri,1105.28,1077.06,792.7,1105.06,1093.6,1316.08,1085.95,1060.64,1121.71,1333.93,1149.45
USA,Montana,473.63,444.45,349.24,435.93,424.78,381.35,420.62,398.52,432.49,462.04,369.43
USA,Nebraska,655.26,626.43,396.5,615.02,661.06,711.71,664.35,668.38,723.07,801.17,495.09
USA,Nevada,321.7,283.73,268.69,196.76,245.48,288.77,278.01,270.35,253.73,341.74,183.9
USA,New Hampshire,1235.18,1541.55,1125.53,1280.72,1290.13,1126.17,987.67,1286.1,1445.81,1388.23,1112.96
USA,New Jersey,1127.99,1481.76,1163.19,1272.41,1284.03,1233.4,1090.42,1276.7,1691.73,1293,1406.25
USA,New Mexico,358.98,233.68,232.74,316.04,356.51,518.47,335.28,365.08,344.57,332.56,208.98
USA,New York,1093.54,1357.96,1024.42,1170.83,1113.08,1065.28,927.62,1211.94,1287.17,1197.89,1048.49
USA,North Carolina,1170.86,1177.38,1140.68,1442.36,1337.16,1458.61,1286.94,1308.39,1718.97,1318.11,1703.52
USA,North Dakota,596.95,565.11,404.27,639.11,471.57,499.82,554.18,402.87,509.58,700.22,363.32
USA,Ohio,936.25,1321.42,915.53,1097.9,1030.2,1094.64,996.62,1170.05,1320.68,1162.16,1109.03
USA,Oklahoma,806.51,732.76,718.3,1015.55,750.9,1159.52,831.29,907.89,978.33,1106.86,946.53
USA,Oregon,777.56,637.87,808.24,440.1,715.24,637.12,749.92,766.37,557.46,619.48,609.88
USA,Pennsylvania,1052.79,1320.39,1038.79,1218.04,1139.93,1144.74,1001.57,1225.17,1459.56,1205.32,1221.17
USA,Rhode Island,1205.75,1564.15,1140.72,1204.42,1361.1,1118.29,1030.36,1280.36,1613.91,1424.75,1201.75
USA,South Carolina,1030.37,1049.87,1079.85,1513.91,1262.78,1410.56,1144.68,1345.53,1523.62,1278.84,1561.84
USA,South Dakota,609.67,556.19,369.65,602.05,532.63,619.44,546.3,453.36,606.6,746.42,397.88
USA,Tennessee,1204.19,1587.99,1241.5,1696.22,1384.4,1590.37,1206.1,1493.99,1741.57,1637.68,1657.72
USA,Texas,678.16,453.28,685.02,691.27,572.62,976.38,813.27,669.43,762.4,694.71,621.9
USA,Utah,389.36,373.86,293.55,325.96,334.63,382.98,333.23,298.55,292.41,386.43,217.77
USA,Vermont,1226.68,1523.37,1107.88,1254.34,1233.54,1116.81,949.62,1253.55,1383.24,1333.84,1071.29
USA,Virginia,1023.82,1112.29,993.38,1222.97,1163.35,1238.38,1094.54,1092.53,1582.98,1154.16,1498.28
USA,Washington,1100.08,971.85,1140.68,770.53,1054.61,989.96,1103.25,1174.94,910.29,810.17,986.96
USA,West Virginia,1043.81,1323.55,1051.31,1267.04,1202.92,1267.3,1091.12,1206.67,1648.67,1268.63,1447.06
USA,Wisconsin,952.34,810.99,748.19,928.67,919.18,879.87,958.72,887.62,1028.13,1152.1,890.09
USA,Wyoming,378.1,398.65,220.31,372.63,382.6,390.91,372.08,352.45,377.37,427.65,243.6
Uzbekisthan,Uzbekistan,173.02,196.54,191.96,216,210.9,243.62,253.64,191.98,169.38,217.67,185.3
Uzbekisthan,Andijan,392.13,345.42,265.36,301.2,329.37,399.82,420.78,352.54,329.4,288.09,306.61
Uzbekisthan,Bukhara,103.99,130.94,144.32,159.59,144.07,168.09,172.95,151.44,120.87,176.19,146.59
Uzbekisthan,Fergana,392.81,367.07,298.89,319.95,361.79,434.41,417.1,336.35,331.98,319.2,313.01
Uzbekisthan,Karakalpakstan,107.85,124.73,100.26,144.94,133.53,160.96,188.28,124.61,100.08,117.67,88.78
Uzbekisthan,Kashkadarya,263.26,280.02,372.52,322.28,347.72,359.96,338.16,270.17,247.21,402.62,350.67
Uzbekisthan,Khorezm,64.4,99.97,81.43,128.7,116.62,133.16,158.77,110.96,93.79,102.71,83.86
Uzbekisthan,Namangan,465.19,433.18,341.62,374.15,417.74,498.3,509.05,425.61,388.36,358.2,365.82
Uzbekisthan,Samarkand,268.73,303.02,349.77,323.87,341.37,357.81,341.9,280.91,249.34,388.84,334.16
Uzbekisthan,Surkhandarya,353.31,366.85,487.12,409.92,455.85,459.67,430.5,320.07,316.55,511.76,450.38
Uzbekisthan,Sirdarya,347.48,380.3,361.99,366.15,394.61,428.21,389.01,306.12,300.62,393.66,353.77
Uzbekisthan,Tashkent,496,498.13,418.53,447.92,501.14,567.33,564.44,469.22,430.69,430.42,423.76
Uzbekisthan,Jizzakh,348.17,394.95,396.78,393.34,418.48,444.56,417.07,328.68,314.48,435.83,380.33
Uzbekisthan,Navoiy,104.64,144.98,133.53,176.06,142.56,188.7,204.54,154.64,135.31,166.82,135.44
Uzbekisthan,Tashkent city,387.8,422.6,357.5,401.4,437.7,477.8,468.9,375.1,357.7,365.8,356.5
